epoch,loss
0,0.002465579
1,0.001046535
,
